{"train_loss": 0.40932346507906914, "_timestamp": 1596934367.653485, "_step": 10, "eval_loss": 0.0002836851344909519, "_runtime": 14.056806802749634}
